customer_id,customer_name,customer_city,customer_state,Total_Orders,Lifetime_Value
73,Melanie Hayes,Liverpool,NY,1,27050.7182
122,Shena Carter,Howard Beach,NY,1,24890.6244
1224,Abram Copeland,Harlingen,TX,1,24607.026100000003
1214,Brigid Sharp,Santa Clara,CA,1,20648.9537
425,Augustina Joyner,Mount Vernon,NY,1,20509.4254
238,Cindi Larson,Howard Beach,NY,1,20177.7457
1023,Adena Blake,Ballston Spa,NY,1,19329.949200000003
464,Bess Mcbride,Garden City,NY,1,18853.3544
1100,Penny Acevedo,Ballston Spa,NY,1,18670.9288
227,Danielle Bond,Patchogue,NY,1,18553.73
108,Shae Hickman,Floral Park,NY,1,18281.4729
1007,Jimmy Russell,Howard Beach,NY,1,18278.9436
525,Andreas Mayer,New Rochelle,NY,1,18114.9309
289,Charmain Webster,Richardson,TX,1,17834.9634
1037,Ashanti Hammond,Nanuet,NY,1,17758.349
182,Jenniffer Bullock,Bay Shore,NY,1,17746.5951
1005,Ruthanne Franco,Astoria,NY,1,17611.957000000002
607,Paul Lester,Vista,CA,1,17580.716800000002
1421,Edris Barrett,Plattsburgh,NY,1,17494.9405
339,Tamela Harrell,Central Islip,NY,1,17479.957000000002
383,Ashlee Pena,Whitestone,NY,1,17305.9384
1391,Sheryl Chase,Floral Park,NY,1,17086.9343
976,Ayanna Cherry,Smithtown,NY,1,16950.077
651,Laure Pena,Wappingers Falls,NY,1,16890.1469
93,Corrina Sawyer,Troy,NY,1,16861.7462
534,Alejandro Haney,Wantagh,NY,1,16846.953999999998
1382,Wynona Douglas,Harlingen,TX,1,16491.52
184,Klara Stanley,Webster,NY,1,16436.065000000002
3,Tameka Fisher,Redondo Beach,CA,1,15999.962599999999
119,Thalia Dillard,San Angelo,TX,1,15981.1436
971,Samual Warner,Brentwood,NY,1,15876.4261
85,Teofila Fischer,Huntington Station,NY,1,15747.747
1199,Consuela Collier,North Tonawanda,NY,1,15455.625
908,Delmar Wise,Lockport,NY,1,15439.946800000002
809,Elnora Simpson,Bellmore,NY,1,15416.1565
1132,Parthenia Holman,Ithaca,NY,1,15205.9284
840,Gilbert Calhoun,East Elmhurst,NY,1,15097.905999999999
531,Kimberely Bowen,Troy,NY,1,15087.2644
195,Addie Hahn,Franklin Square,NY,1,14935.0311
172,Jeanie Kirkland,Santa Clara,CA,1,14904.6167
374,Candelaria Coffey,Merrick,NY,1,14735.4152
35,Guillermina Noble,Baldwinsville,NY,1,14573.926499999998
663,Alissa Hood,New Windsor,NY,1,14567.157
1131,Desmond Rose,Mount Vernon,NY,1,14566.4345
263,Dortha Jarvis,Oceanside,NY,1,14405.0464
904,Jana Thomas,San Jose,CA,1,14397.1379
1171,Earlean Pena,Rome,NY,1,14249.6462
167,Loreta Johnston,Spring Valley,NY,1,14172.218499999999
1020,Lorraine Marks,San Carlos,CA,1,14141.3394
292,Monty Frost,Hempstead,NY,1,13947.5449
692,Dorothea Chang,Astoria,NY,1,13821.530999999999
296,Sophia Mcmillan,Uniondale,NY,1,13773.627700000001
1063,Tammy Austin,Lake Jackson,TX,1,13765.5468
734,Alina Mcleod,Patchogue,NY,1,13287.5262
503,Marlo Jefferson,Niagara Falls,NY,1,13242.962
595,Frederica Rojas,Ithaca,NY,1,13191.938400000001
681,Reatha Perez,Holbrook,NY,1,13130.8288
883,Gilberte Duke,El Paso,TX,1,13107.441
226,Kiana Rivera,Richmond Hill,NY,1,13033.596099999999
1438,Lee Dunn,San Jose,CA,1,12980.938699999999
441,Dorthea Walker,Port Washington,NY,1,12965.7468
310,Gilberto Parsons,Middle Village,NY,1,12935.9494
140,Cleopatra Tate,East Elmhurst,NY,1,12909.921400000001
803,Bernardina Cooper,Whitestone,NY,1,12867.958
1070,Olimpia Mays,Oakland Gardens,NY,1,12774.2451
334,Somer Jordan,Huntington Station,NY,1,12663.956
1403,Mila Moody,Troy,NY,1,12595.073
700,Collene Knox,Corpus Christi,TX,1,12541.7634
105,Marget Hodge,Woodhaven,NY,1,12461.5479
95,Letitia Franco,Saratoga Springs,NY,1,12433.4557
1237,Luke Kramer,Bethpage,NY,1,12420.713
1086,Cori Schwartz,Jamaica,NY,1,12400.848
1090,Ira Erickson,Port Jefferson Station,NY,1,12392.9547
1258,Todd Waters,Bay Shore,NY,1,12381.8274
203,Minerva Decker,Houston,TX,1,12369.6265
1103,Ardelia Cooley,Canyon Country,CA,1,12334.957
1332,Novella Ross,Glendora,CA,1,12307.9627
690,Yevette Elliott,Jackson Heights,NY,1,12104.786
905,Hae Ramirez,Baldwinsville,NY,1,12089.9814
1195,Chantell Bridges,Buffalo,NY,1,11993.972
330,Sheba Knapp,Woodside,NY,1,11972.9271
1019,Janie Herrera,Elmhurst,NY,1,11950.476599999998
322,Merideth Preston,Poughkeepsie,NY,1,11832.4539
747,Margret Barnett,Forney,TX,1,11831.3359
509,Terra Pickett,Amsterdam,NY,1,11787.553300000001
473,Lashawna Richardson,Baldwin,NY,1,11596.4289
871,Erlinda Humphrey,New Windsor,NY,1,11588.647399999998
583,Lashandra Turner,Long Beach,NY,1,11578.6544
627,Deloris Larson,Duarte,CA,1,11479.5394
275,Pinkie Kirkland,San Angelo,TX,1,11476.5364
462,Efren Oliver,Nanuet,NY,1,11463.958
350,Christoper Mccall,Bay Shore,NY,1,11462.5954
1136,Kallie Best,Rochester,NY,1,11428.653
541,Lanita Burton,Coachella,CA,1,11406.4285
375,Yan Trevino,Uniondale,NY,1,11391.43
415,Gwendolyn Miller,Harlingen,TX,1,11349.957400000001
780,Ouida Gregory,Merrick,NY,1,11314.072999999999
1284,Shanice Spears,Brooklyn,NY,1,11299.972
1423,Dollie Cervantes,Fort Worth,TX,1,11238.6544
28,Jeanice Frost,Ossining,NY,1,11210.7278
547,Tena Huber,Newburgh,NY,1,11183.043399999999
1348,Yvone Guerrero,Merrick,NY,1,11183.0335
880,Phebe Turner,Sunnyside,NY,1,11120.3254
798,Alyse Jacobson,Massapequa Park,NY,1,11062.417099999999
295,Danny Kim,South Ozone Park,NY,1,11055.941
609,Eliana Reese,Woodhaven,NY,1,11035.847999999998
159,Regina Burns,Garland,TX,1,11013.9345
783,Celestine Kent,Lancaster,NY,1,10998.0295
997,Trinidad Mcclain,Baldwin,NY,1,10986.904
810,Ivelisse Nixon,Houston,TX,1,10951.5614
196,Edythe Valencia,North Tonawanda,NY,1,10949.946799999998
245,Delila Hamilton,Palos Verdes Peninsula,CA,1,10869.9637
403,Elouise Fry,Canyon Country,CA,1,10866.962199999998
550,Felicidad Golden,Lockport,NY,1,10794.3537
1018,Carita Salinas,Maspeth,NY,1,10792.247
888,Coleen Navarro,Webster,NY,1,10728.4385
815,Leanna Manning,Hicksville,NY,1,10620.044899999999
1312,Tereasa Bird,Ronkonkoma,NY,1,10617.973
576,Shirely Stanley,El Paso,TX,1,10574.962399999999
38,Zelma Browning,Astoria,NY,1,10572.5448
247,Muriel Juarez,Palos Verdes Peninsula,CA,1,10570.4719
1205,Emmaline Huber,Mount Vernon,NY,1,10563.648000000001
89,Arvilla Osborn,Upland,CA,1,10549.3434
1138,Hubert Stone,Ridgecrest,CA,1,10541.963199999998
867,Rosalva Hamilton,Campbell,CA,1,10529.963
4,Daryl Spence,Uniondale,NY,1,10399.972999999998
1443,Lezlie Lamb,Central Islip,NY,1,10372.0934
1440,Ernest Rollins,Oakland Gardens,NY,1,10360.255
543,Jasmin Young,Helotes,TX,1,10336.9624
147,Bernetta Marquez,Smithtown,NY,1,10322.972099999999
126,Lavina Dejesus,Newburgh,NY,1,10314.924799999999
255,Flossie Holder,Massapequa Park,NY,1,10269.8557
463,Jerlene Rios,Plainview,NY,1,10266.9542
259,Johnathan Velazquez,Pleasanton,CA,1,10231.0464
1368,Veronique Fulton,Ballston Spa,NY,1,10216.235999999999
715,Larae Carney,Sunnyside,NY,1,10187.945099999999
153,Laraine Robbins,San Angelo,TX,1,10186.7367
844,Felica Munoz,South Ozone Park,NY,1,10186.628499999999
824,Veronika Rollins,Webster,NY,1,10132.3624
169,Karla Kirk,Palos Verdes Peninsula,CA,1,10078.381
1225,Mellisa Griffin,Los Banos,CA,1,10050.6281
43,Mozelle Carter,Houston,TX,1,10049.972399999999
320,Aron Wiggins,Oceanside,NY,1,10047.424500000001
594,Deanne Parsons,Lindenhurst,NY,1,9942.14
70,Tomasa Carson,East Elmhurst,NY,1,9938.9544
58,Damien Dorsey,Central Islip,NY,1,9934.1305
492,Justa Thompson,Corona,NY,1,9927.5559
886,Letisha May,North Tonawanda,NY,1,9927.2049
1439,Florrie Little,New Rochelle,NY,1,9919.920999999998
544,Catarina Mendez,West Islip,NY,1,9908.464199999999
1034,Rico Salas,Centereach,NY,1,9874.652499999998
356,Vashti Rosario,Bronx,NY,1,9865.4727
838,Erna Sloan,Howard Beach,NY,1,9849.074
421,Iola Rasmussen,Monroe,NY,1,9838.4455
186,Ken Charles,Monsey,NY,1,9833.6547
345,Mi Gray,Albany,NY,1,9728.9827
1415,Harold O'connor,Santa Cruz,CA,1,9725.8374
983,Marguerite Berger,Fullerton,CA,1,9712.9515
499,Lidia Ashley,Baldwinsville,NY,1,9704.944899999999
411,Octavia Case,New York,NY,1,9673.8444
598,Benito Hendrix,Depew,NY,1,9645.3834
82,Lizzie Joyner,Coachella,CA,1,9605.976400000001
738,Fannie Jenkins,Oxnard,CA,1,9532.3529
329,Marilyn Frank,Port Chester,NY,1,9499.981
1261,Adelaida Hancock,San Pablo,CA,1,9497.172
21,Tobie Little,Victoria,TX,1,9481.434599999999
1010,Katia Henry,Bethpage,NY,1,9479.9557
298,Jennie Middleton,Upland,CA,1,9474.9404
94,Sharyn Hopkins,Baldwinsville,NY,1,9442.504799999999
559,Basilia Thornton,Brentwood,NY,1,9408.7878
1051,Tonisha Fowler,Huntington Station,NY,1,9399.965
802,Barrett Sanders,Longview,TX,1,9385.101999999999
1201,Nita Guy,Port Chester,NY,1,9372.3701
1436,Macie Ayers,Bellmore,NY,1,9334.509399999999
279,Justina Long,South El Monte,CA,1,9327.738000000001
920,James Robles,North Tonawanda,NY,1,9314.8357
1165,Rikki Morrow,Fort Worth,TX,1,9301.9304
661,Trena Hudson,Monroe,NY,1,9287.9439
29,Syreeta Hendricks,Mahopac,NY,1,9279.955699999999
1349,Kami Rios,Encino,CA,1,9278.653900000001
794,Donette Mccarthy,Redondo Beach,CA,1,9274.9654
230,Chelsey Hardin,Deer Park,NY,1,9211.523000000001
755,Tomika Wilder,New Hyde Park,NY,1,9210.7184
63,Tenisha Lyons,Amityville,NY,1,9200.825499999999
1,Debra Burks,Orchard Park,NY,1,9199.1557
1441,Jamaal Morrison,Staten Island,NY,1,9173.3817
282,Randolph Chase,San Lorenzo,CA,1,9163.428899999999
836,Corinna Adams,Rosedale,NY,1,9161.946
340,Yanira Bradshaw,Smithtown,NY,1,9157.756
517,Buford Gilbert,Bellmore,NY,1,9044.927
732,Lavona Austin,Utica,NY,1,8975.157
444,Caridad Compton,San Lorenzo,CA,1,8945.75
1279,Stan Saunders,Canandaigua,NY,1,8936.446
192,Bong Hebert,Torrance,CA,1,8901.794399999999
251,Kasie Rodriquez,Ballston Spa,NY,1,8879.452899999998
893,Letty Cobb,Depew,NY,1,8820.1505
959,Christel Barber,Sacramento,CA,1,8816.954399999999
136,Sarita Parks,Forney,TX,1,8797.0465
1031,Tonja Bean,Fairport,NY,1,8787.1297
587,Euna Lopez,Carmel,NY,1,8763.964399999999
328,Bettie Glover,Euless,TX,1,8740.966
68,Jayne Kirkland,Rowlett,TX,1,8729.9627
713,Ilona Spears,Port Jefferson Station,NY,1,8712.8466
610,Leonore Dorsey,Jackson Heights,NY,1,8696.072
145,Miquel Neal,Staten Island,NY,1,8696.071999999998
194,Dorine Roberson,Santa Cruz,CA,1,8683.7537
252,Eleni Gordon,Richmond Hill,NY,1,8587.397
666,Brittni Green,Floral Park,NY,1,8570.9665
272,Deja Chaney,Jamaica,NY,1,8561.262700000001
649,Eli Contreras,Ronkonkoma,NY,1,8550.052699999998
1333,Omega Huff,Santa Monica,CA,1,8534.3743
351,Margorie Wynn,Monsey,NY,1,8498.463
778,Corrinne Garrison,Victoria,TX,1,8481.898000000001
1341,Rozanne Reyes,Garden City,NY,1,8476.521999999999
149,Meredith Bryan,Spring Valley,NY,1,8474.1624
1161,Santa Larson,Valley Stream,NY,1,8445.9545
206,Stephaine Riddle,Brooklyn,NY,1,8429.9454
1374,Juliane Dillard,Glendora,CA,1,8394.4714
564,Bettie Pierce,Farmingdale,NY,1,8392.9437
536,Christiane Bradford,Orchard Park,NY,1,8376.9244
506,Irving Pitts,Torrance,CA,1,8359.216
578,Salena Day,San Lorenzo,CA,1,8342.939
1290,Minnie Compton,South Richmond Hill,NY,1,8336.4169
115,Rey Lindsay,Monroe,NY,1,8327.9477
86,Lissa Vargas,Oswego,NY,1,8309.932
870,Dwain Carlson,Smithtown,NY,1,8309.4449
1084,Regine Odom,Franklin Square,NY,1,8303.3719
1192,Gena Owens,Desoto,TX,1,8299.965
53,Saturnina Garner,Glendora,CA,1,8281.3046
1069,Rodolfo Buck,Shirley,NY,1,8280.543
1236,Rudolph Velez,Mount Vernon,NY,1,8263.867
420,Vince Schneider,Merrick,NY,1,8204.530200000001
990,Casimira Chapman,Monroe,NY,1,8200.7267
800,Cris Dunn,Pittsford,NY,1,8177.0540999999985
637,Kara Higgins,Ossining,NY,1,8127.9469
479,Gertha Mejia,Flushing,NY,1,8109.950500000001
384,Aimee Merritt,Flushing,NY,1,8096.4455
808,Vallie Dixon,Rowlett,TX,1,8083.9627
173,Marquerite Dawson,Garland,TX,1,8072.331
1435,Merrie Fowler,Scarsdale,NY,1,8069.6565
991,Brigida Larson,Canyon Country,CA,1,8062.1245
496,Shu Mays,Astoria,NY,1,8056.768
1060,Tommie Cooley,Lancaster,NY,1,8011.311999999999
1148,Lenore Valdez,Spring Valley,NY,1,8009.0321
1445,Ester Acevedo,San Lorenzo,CA,1,7999.984
934,Ocie Slater,Hamburg,NY,1,7999.962999999999
960,Arline Lawson,Hempstead,NY,1,7995.8047
1238,Edgar Quinn,Harlingen,TX,1,7993.865
878,Melodie Melton,Smithtown,NY,1,7984.939
160,Omer Estrada,Rowlett,TX,1,7975.972999999999
687,Cecilia Camacho,Desoto,TX,1,7971.2261
1360,Latashia Travis,Upland,CA,1,7967.4144
112,Yuk Vega,West Hempstead,NY,1,7952.0464
916,Alishia Elliott,Mount Vernon,NY,1,7951.1467999999995
1118,Ja Dillard,Canyon Country,CA,1,7947.442000000001
1026,Jenine Dawson,Endicott,NY,1,7938.9374
1300,Clorinda Donovan,Jamestown,NY,1,7932.9465
728,Viva Dawson,Orchard Park,NY,1,7918.8446
1406,Farrah Orr,New Hyde Park,NY,1,7900.4347
727,Kasha Sullivan,Scarsdale,NY,1,7855.240500000001
1315,Omega Johnston,Canyon Country,CA,1,7848.2627999999995
581,Vonda Berger,Santa Clara,CA,1,7824.040099999999
453,Courtney Wyatt,Garden City,NY,1,7823.944000000001
1274,Odette Moses,Newburgh,NY,1,7791.0557
877,Janine Manning,Howard Beach,NY,1,7783.4219
545,Tajuana Rollins,Oswego,NY,1,7782.873
1081,Carson Macias,New Rochelle,NY,1,7747.7390000000005
407,Dannette Guerrero,San Pablo,CA,1,7719.957
1398,Nevada Hood,Hopewell Junction,NY,1,7688.2721
96,Floretta Higgins,Bayside,NY,1,7681.124
1052,Zora Ford,Sacramento,CA,1,7663.9490000000005
859,Julianne Shannon,Sugar Land,TX,1,7659.3381
853,Brittney Rojas,Kingston,NY,1,7601.1547
1227,Magali Dixon,Troy,NY,1,7587.5154
787,Malisa Mitchell,Mount Vernon,NY,1,7575.3454
529,Ellena Clements,Santa Monica,CA,1,7568.0544
128,Terrance Lynn,Plattsburgh,NY,1,7536.1622
269,Barton Crosby,Bellmore,NY,1,7526.036700000001
1249,Barbra Dickerson,Ridgecrest,CA,1,7520.0371
225,Barbera Riggs,Plainview,NY,1,7486.331400000001
1307,Cinda Rocha,Los Banos,CA,1,7482.136399999999
390,Lorrie Pollard,Ronkonkoma,NY,1,7439.981399999999
1370,Rona Rojas,San Jose,CA,1,7439.981399999999
308,Mazie Fernandez,Webster,NY,1,7394.9644
472,Myron Ruiz,Amityville,NY,1,7350.4645
1245,Gabriela Warren,Long Beach,NY,1,7345.7374
1125,Caleb England,Pleasanton,CA,1,7339.4195
793,Chantay Maynard,Elmhurst,NY,1,7327.040100000001
1043,Diane Jones,Fresh Meadows,NY,1,7256.773799999999
675,Kermit Bowman,El Paso,TX,1,7253.619500000001
540,Shery Randolph,Ontario,CA,1,7251.9655
75,Abby Gamble,Amityville,NY,1,7228.050700000001
268,Trinity Riddle,Ballston Spa,NY,1,7211.7234
60,Neil Mccall,San Carlos,CA,1,7199.982
394,Virgen Clemons,South El Monte,CA,1,7184.972399999999
782,Ricki Bullock,Woodside,NY,1,7183.3227
354,Tonda Armstrong,Sunnyside,NY,1,7179.9832
726,Rochell Cantrell,Port Jefferson Station,NY,1,7176.2149
1120,Karole Alvarez,East Northport,NY,1,7159.9556999999995
1162,Carmelina Sellers,Ithaca,NY,1,7157.353099999999
242,Rutha Howell,Canyon Country,CA,1,7143.6644
1151,Herminia Reyes,Centereach,NY,1,7139.954
985,Milagros Weber,Harlingen,TX,1,7130.5405
672,Elma Molina,New Rochelle,NY,1,7111.0354
569,Lucas Estes,Santa Monica,CA,1,7105.7751
25,Regenia Vaughan,Mahopac,NY,1,7093.7531
1150,Keturah Reid,Corpus Christi,TX,1,7091.936699999999
125,Herlinda Stone,Canandaigua,NY,1,7067.962799999998
1230,Jesus Burch,Desoto,TX,1,7063.463899999999
1422,Tempie Jacobson,Smithtown,NY,1,7049.673
1314,Joeann Garrison,Ontario,CA,1,7045.1564
538,Sherie Ayala,South El Monte,CA,1,7042.6723999999995
665,Stacie Sims,Oakland,CA,1,7040.846399999999
626,Leigh Burke,Schenectady,NY,1,7022.9623999999985
1372,Renna Williams,South Ozone Park,NY,1,7021.1487
417,Zoraida Patton,Huntington Station,NY,1,7004.841
1442,Cassie Cline,Brooklyn,NY,1,6987.2487
922,Elvia Cardenas,Massapequa,NY,1,6978.715099999999
491,Celestine Jacobs,Massapequa,NY,1,6971.553699999999
107,Cecil Hopper,Central Islip,NY,1,6961.0917
481,Jayson Rutledge,Lake Jackson,TX,1,6947.9474
37,Melia Brady,Maspeth,NY,1,6945.766500000001
895,Elaina Key,Plainview,NY,1,6929.1049
349,Mable Pratt,Coachella,CA,1,6912.171499999999
218,Casey Gill,Port Washington,NY,1,6902.465
754,Hue May,Valley Stream,NY,1,6887.1357
314,Javier Nichols,Rowlett,TX,1,6872.9437
276,Lavette Wright,Ronkonkoma,NY,1,6866.9384
866,Lynwood Jackson,Longview,TX,1,6843.9442
837,Kellye Campbell,Baldwinsville,NY,1,6829.531
1015,Nichelle Rosario,Garden City,NY,1,6824.972399999999
80,Sarai Mckee,Buffalo,NY,1,6822.581400000001
91,Marvin Mullins,San Diego,CA,1,6816.9225
316,Hortencia Graham,Euless,TX,1,6815.9474
505,Wilda Petersen,Jamaica,NY,1,6813.7535
490,Yu Mcdonald,Ossining,NY,1,6804.9580000000005
689,Deirdre Ryan,Utica,NY,1,6803.9719
1248,Bethany Herring,Port Jefferson Station,NY,1,6794.082
948,Siobhan Lang,Levittown,NY,1,6793.9655
1089,Chere Mcfadden,Orchard Park,NY,1,6784.9567
20,Aleta Shepard,Sugar Land,TX,1,6782.764
1426,Londa Gould,Corpus Christi,TX,1,6782.3368
1159,Charlene Norris,Syosset,NY,1,6764.5727
702,Sharie Whitaker,Merrick,NY,1,6762.1399
104,Katharina Bates,Campbell,CA,1,6756.455900000001
1158,Vito Pickett,Canandaigua,NY,1,6754.9376
631,Tressa Weiss,Ossining,NY,1,6749.973399999999
366,Lavonne Anderson,Floral Park,NY,1,6744.773999999999
1006,Marjory Leonard,Apple Valley,CA,1,6723.0765
1126,Elmira Levy,Spring Valley,NY,1,6718.5542
896,Stefani Gamble,New City,NY,1,6715.433999999999
1012,Josephine Dale,Baldwinsville,NY,1,6712.8464
1122,Cicely Deleon,Massapequa Park,NY,1,6701.455
220,Lucio Sherman,Smithtown,NY,1,6672.2947
379,Mina Carrillo,Uniondale,NY,1,6671.6012
717,Kristofer Craig,Plainview,NY,1,6659.9627
1137,Dottie Roberts,Port Washington,NY,1,6654.4734
240,Le Deleon,Banning,CA,1,6611.1241
367,Blanca Hooper,Ozone Park,NY,1,6602.950500000001
1424,Lashunda Cole,Monsey,NY,1,6591.976000000001
372,Collene Roman,Wappingers Falls,NY,1,6578.9654
571,Kaley Blanchard,Palos Verdes Peninsula,CA,1,6578.9291
1359,Octavia Donaldson,Levittown,NY,1,6543.0622
999,Latoya Johns,Ballston Spa,NY,1,6530.911899999999
6,Lyndsey Bean,Fairport,NY,1,6530.0627
65,Kanesha Vega,Rome,NY,1,6527.6421
768,Yvone Yates,San Pablo,CA,1,6515.955
1347,Kate Barber,Saratoga Springs,NY,1,6495.972
306,Vikki Erickson,Kingston,NY,1,6489.5650000000005
568,Arcelia Vinson,West Islip,NY,1,6479.944
646,Ann Heath,South El Monte,CA,1,6468.2263
574,Adriene Rivera,Encino,CA,1,6462.4635
360,Van Peters,Houston,TX,1,6448.2907
963,Anisha Lang,Rome,NY,1,6416.5944
157,Carola Rodriquez,Banning,CA,1,6416.2632
1024,Coleman Boyd,El Paso,TX,1,6412.554700000001
579,Matilda Larson,Harlingen,TX,1,6397.4717
972,Damian Mills,Long Beach,NY,1,6396.9646999999995
748,Oliva Blackwell,Elmhurst,NY,1,6382.9455
1302,Verda Gilbert,East Northport,NY,1,6349.3634999999995
984,Ivette Warren,Franklin Square,NY,1,6335.6637
484,Chelsey Boyd,Euless,TX,1,6332.9424
1291,Shiloh Bates,Monsey,NY,1,6330.574699999999
1048,Ji Burt,Apple Valley,CA,1,6319.946
1149,Drucilla Gilliam,Santa Clara,CA,1,6265.955
246,Dionne Norris,Niagara Falls,NY,1,6261.957399999999
488,Joaquin Hawkins,Anaheim,CA,1,6259.265
696,Norine Huffman,Encino,CA,1,6240.554
1206,Mercy Brown,Hollis,NY,1,6239.2787
1247,Tammie Cherry,Massapequa,NY,1,6239.093599999999
882,Hilda Harvey,Ballston Spa,NY,1,6229.1214
500,Moira Lester,Jackson Heights,NY,1,6196.6444
1144,Jewel Sparks,Oakland Gardens,NY,1,6187.1539
146,Stefany Potter,Saratoga Springs,NY,1,6183.5624
111,Shila White,Orchard Park,NY,1,6177.7725
758,Raymonde Garcia,Queensbury,NY,1,6169.963
212,Buford Bridges,Troy,NY,1,6155.9644
724,Lois Steele,Ossining,NY,1,6152.6533
1135,Alisia Albert,Garland,TX,1,6150.9367
59,Latasha Stanley,Rockville Centre,NY,1,6142.1384
66,Lorrie Becker,Garland,TX,1,6126.8727
293,Tiny French,Plainview,NY,1,6102.963
1276,Shona Mcmillan,Apple Valley,CA,1,6089.983
1350,Annett Rush,Rosedale,NY,1,6089.930399999999
723,Vicki Wiggins,Wappingers Falls,NY,1,6074.0482
1040,Shantae Hammond,Victoria,TX,1,6068.9490000000005
54,Fran Yang,Utica,NY,1,6065.4532
127,Erlinda Nielsen,Maspeth,NY,1,6034.9654
426,Daisy Ward,Pomona,CA,1,6023.9545
27,Santos Valencia,Sunnyside,NY,1,6004.972
235,Jeromy Elliott,Bay Shore,NY,1,5989.965
919,Ruthanne Hoover,Torrance,CA,1,5989.9367
1396,Delma Bailey,Anaheim,CA,1,5984.981
660,Shara Pope,Ridgecrest,CA,1,5959.0657
1174,Aaron Knapp,Yonkers,NY,1,5927.5509999999995
352,Josef Greer,Jamaica,NY,1,5925.560100000001
1316,Conrad Mueller,Massapequa,NY,1,5925.474700000001
744,Laurel Schultz,Mount Vernon,NY,1,5923.9551
135,Dorthey Jackson,Houston,TX,1,5922.9055
1392,Trista Lambert,Fairport,NY,1,5922.4725
577,Danille Mcfarland,Rocklin,CA,1,5909.6148
749,Oralia Farley,Upland,CA,1,5893.554999999999
1257,Rosamaria Meyer,Webster,NY,1,5893.5494
1330,Karren Stevenson,San Carlos,CA,1,5891.162399999999
179,Deane Sears,Pittsford,NY,1,5887.3423999999995
1021,Nicolas Carlson,Saint Albans,NY,1,5863.4454
1057,Conchita Boone,Mount Vernon,NY,1,5851.9257
1085,Adam Thornton,Central Islip,NY,1,5841.5215
1152,Tuyet Rosa,South El Monte,CA,1,5841.0992
862,Mellie Puckett,Fresh Meadows,NY,1,5835.858
486,Valeri Marshall,East Meadow,NY,1,5834.1357
1310,Emanuel Mckee,Schenectady,NY,1,5833.974700000001
33,Deloris Burke,Palos Verdes Peninsula,CA,1,5833.9734
124,Jeni Booker,South El Monte,CA,1,5812.5471
640,Allison Nolan,New City,NY,1,5809.477400000001
774,Nenita Mooney,Lawndale,CA,1,5806.0375
863,Shonta Preston,Utica,NY,1,5801.934
833,Leone Emerson,Whitestone,NY,1,5779.8175
1172,Katherin Clark,Pittsford,NY,1,5777.7667
1119,Tora Dunlap,Monsey,NY,1,5775.5447
461,Effie Jenkins,Brentwood,NY,1,5768.214400000001
1215,Karl Stephens,Rockville Centre,NY,1,5745.955199999999
1244,Trang Hardin,Depew,NY,1,5732.4652
332,Reena Higgins,Canyon Country,CA,1,5728.9344
1134,Sherril Alvarado,Desoto,TX,1,5723.7441
327,Sharie Alvarez,New York,NY,1,5716.596
1112,Hollis Rasmussen,Massapequa,NY,1,5709.9555
274,Josh Shaw,Hopewell Junction,NY,1,5701.1054
1365,Shenna Espinoza,Queensbury,NY,1,5699.981
1014,Ling Newman,South Richmond Hill,NY,1,5699.981
1260,Phuong Wolf,Schenectady,NY,1,5686.5815
281,Rayna Perry,Ozone Park,NY,1,5672.281
923,Randee Pitts,Canyon Country,CA,1,5671.1307
39,Janetta Aguirre,Lancaster,NY,1,5665.762
1321,Shantel Gregory,West Islip,NY,1,5644.9151999999995
1041,Bettye Espinoza,Oswego,NY,1,5627.957
1373,Lanora Robbins,West Babylon,NY,1,5600.0574
903,Maira Long,Hicksville,NY,1,5588.5185
1042,Larissa Hays,Elmont,NY,1,5588.3444
567,Sheila Travis,Longview,TX,1,5579.962799999999
565,Dagny Owen,San Angelo,TX,1,5578.1307
1200,Aubrey Durham,Port Washington,NY,1,5565.5645
958,Ciera Koch,Euless,TX,1,5557.3307
165,Jeromy Burch,San Jose,CA,1,5549.981699999999
762,Quyen Houston,Central Islip,NY,1,5537.981699999999
998,Heather Chaney,Jamestown,NY,1,5528.957
1254,Dung Reid,Canyon Country,CA,1,5515.9646999999995
751,Hermila Mckay,Coachella,CA,1,5498.368
410,Conception Slater,Bellmore,NY,1,5478.9485
5,Charolette Rice,Sacramento,CA,1,5454.9815
24,Corene Wall,Atwater,CA,1,5454.447700000001
1240,Bella Perez,Duarte,CA,1,5444.956
605,Renita Henry,New Rochelle,NY,1,5442.074
460,Romelia Myers,Garden City,NY,1,5440.3624
99,Carie Kidd,Monroe,NY,1,5431.8955
312,Cameron Carroll,Longview,TX,1,5419.973
1235,Georgina Gonzales,Endicott,NY,1,5417.9727
79,Ashanti Parks,Baldwin,NY,1,5416.4357
1220,Carissa Cross,Huntington Station,NY,1,5404.055700000001
100,Kellie Franco,Commack,NY,1,5399.982
30,Jamaal Albert,Torrance,CA,1,5395.2441
530,Selene Austin,Duarte,CA,1,5382.0464
1280,Jackeline Colon,Wappingers Falls,NY,1,5342.1559
961,Iva Wilcox,Kingston,NY,1,5338.9555
1390,Genoveva Lloyd,Bayside,NY,1,5333.335
1303,Renay Atkins,Woodside,NY,1,5332.9467
257,Earl Stanley,Elmhurst,NY,1,5315.9042
138,Jone Bernard,Anaheim,CA,1,5299.5328
364,Bev Chang,Ithaca,NY,1,5291.965
1259,Kimbery Nieves,San Carlos,CA,1,5270.9448
1213,Yang Giles,San Angelo,TX,1,5244.955
1319,Claris Santiago,Newburgh,NY,1,5231.8529
278,Myesha Burgess,Campbell,CA,1,5226.6626
413,Ginette Edwards,Baldwin,NY,1,5225.9475
142,Nicholas Vazquez,West Hempstead,NY,1,5224.9905
643,Melba Wilkinson,Floral Park,NY,1,5224.5464
1395,Eliseo Knight,Woodhaven,NY,1,5220.4734
917,Vernia Madden,Troy,NY,1,5219.982
611,Ashleigh Frank,Levittown,NY,1,5219.982
123,Robena Hill,Corpus Christi,TX,1,5185.8346
61,Elinore Aguilar,San Angelo,TX,1,5179.975
361,Virgina Berg,Valley Stream,NY,1,5154.146699999999
701,Alysia Nicholson,Oxnard,CA,1,5126.9531
1273,Cheree Hale,Oswego,NY,1,5122.348
69,Katelin Kennedy,Rocklin,CA,1,5119.984
337,Majorie Wyatt,South Ozone Park,NY,1,5119.354
1268,Sung Chambers,Kingston,NY,1,5115.9641
1313,Dante Grimes,Duarte,CA,1,5114.0907
966,Novella Patel,Glen Cove,NY,1,5107.8638
989,Loreen Byers,South Ozone Park,NY,1,5090.4175000000005
447,Chasidy Tran,Vista,CA,1,5080.6230000000005
428,Hipolito Padilla,New Rochelle,NY,1,5062.3384
779,Major Merrill,Astoria,NY,1,5055.113
1334,Ashleigh Finch,Newburgh,NY,1,5024.1645
1295,Alline Beasley,North Tonawanda,NY,1,5022.9574
524,Larraine Horn,Utica,NY,1,5017.8551
1233,Lise Hebert,Vista,CA,1,5015.7377
1322,Ai Forbes,Franklin Square,NY,1,5014.9637
1147,Kandace Ayers,Santa Monica,CA,1,5004.5978
848,Ernestina Skinner,Elmhurst,NY,1,4991.9665
1411,Shanda Stevenson,Freeport,NY,1,4960.4587
912,Inocencia Key,Massapequa Park,NY,1,4949.991
1190,Romeo Steele,Port Jefferson Station,NY,1,4922.9485
1397,Dewayne Herring,Webster,NY,1,4921.1544
313,Melani Jarvis,Maspeth,NY,1,4918.366
216,Wai Soto,Bethpage,NY,1,4912.157
615,Jamika Blanchard,Fresh Meadows,NY,1,4911.4379
603,Genevieve Juarez,New Hyde Park,NY,1,4890.365400000001
459,Latosha Dalton,Bakersfield,CA,1,4877.406
773,Yolando Wade,Massapequa,NY,1,4873.9556999999995
440,Yevette Todd,Ballston Spa,NY,1,4863.968000000001
163,Margert Stevens,Rome,NY,1,4851.1372
973,Margaretta Clayton,Ridgecrest,CA,1,4835.376
1408,Eleanor Mendez,Port Chester,NY,1,4829.1825
945,Krissy Ochoa,Port Washington,NY,1,4814.6255
1078,Theresia Barron,Forest Hills,NY,1,4803.6301
682,Arnita Thomas,Orchard Park,NY,1,4799.984
213,Elenore Hensley,Hamburg,NY,1,4789.7348
819,Yahaira Robertson,Endicott,NY,1,4784.1587
965,Margit Osborn,Plainview,NY,1,4781.9310000000005
1209,Deandrea Cox,Huntington,NY,1,4778.0236
1378,Enoch Rosario,Fresno,CA,1,4776.0444
400,Alfredo Dodson,Depew,NY,1,4766.8345
288,Keturah Massey,Banning,CA,1,4765.4287
1242,Chauncey Donaldson,Franklin Square,NY,1,4762.4631
906,Erik Leblanc,Sugar Land,TX,1,4749.981
739,Bobbi Banks,Bayside,NY,1,4746.6324
765,Spring Hayes,Ossining,NY,1,4737.2644
478,Emmett Hahn,Freeport,NY,1,4700.0627
396,Laverna Hernandez,Niagara Falls,NY,1,4699.9556999999995
46,Monika Berg,Encino,CA,1,4694.9625
1301,Raven Curtis,Lawndale,CA,1,4692.8641
929,Thurman Ellis,Pleasanton,CA,1,4689.4559
443,Ayana Keith,Oxnard,CA,1,4685.0969
1169,Beatris Joyner,Spring Valley,NY,1,4665.5492
197,Andy O'neill,Rego Park,NY,1,4655.0404
555,Marry Benjamin,Forney,TX,1,4654.9529999999995
952,Aileen Marquez,Torrance,CA,1,4644.9130000000005
1425,Justina Jenkins,Shirley,NY,1,4639.984
1328,Cindie Franklin,Lawndale,CA,1,4633.8544
885,Janna Hayden,Longview,TX,1,4624.9377
742,Evelina Manning,Mount Vernon,NY,1,4617.758
280,Brenda Tate,San Angelo,TX,1,4616.0145
199,Clelia Workman,New Windsor,NY,1,4571.0727
223,Scarlet Yates,Patchogue,NY,1,4563.091
22,Adelle Larsen,East Northport,NY,1,4551.1050000000005
986,Marcel Lindsay,Ossining,NY,1,4544.8471
1164,Patrina Tanner,Scarsdale,NY,1,4539.974
156,Charlyn Cantrell,West Islip,NY,1,4534.383
170,Regine Gonzales,Oxnard,CA,1,4523.334
839,Carolann Russell,Glen Cove,NY,1,4521.8839
736,Genny Hensley,Redondo Beach,CA,1,4507.6134
1056,Rebbecca Espinoza,Mount Vernon,NY,1,4503.7459
1196,Ileana Holt,Patchogue,NY,1,4499.991
970,Ruth Horton,Hollis,NY,1,4499.991
1202,Carmina Emerson,Banning,CA,1,4497.5817
1129,Gilberto Sanders,Woodside,NY,1,4497.0048
894,Nathaniel Richard,New Windsor,NY,1,4495.2725
1062,Jerri Guthrie,Carmel,NY,1,4477.174
1354,Alexandria Zamora,Schenectady,NY,1,4475.4635
1153,Ara Vazquez,San Carlos,CA,1,4466.6452
36,Bernita Mcdaniel,Liverpool,NY,1,4464.962
344,Herta Rollins,Mountain View,CA,1,4464.6642
554,Hilde Nieves,Campbell,CA,1,4459.2184
566,Cinthia Poole,Lake Jackson,TX,1,4458.955
995,Amina Salazar,Canandaigua,NY,1,4447.724
1091,Risa Gallagher,Rocklin,CA,1,4445.0608999999995
711,Jovita Bishop,Staten Island,NY,1,4436.6034
526,Lazaro Moran,Sugar Land,TX,1,4422.94
2,Kasha Todd,Campbell,CA,1,4410.3574
1419,Lurlene Cotton,Pleasanton,CA,1,4399.992
215,Judith Finley,Whitestone,NY,1,4397.9639
19,Lizzette Stein,Orchard Park,NY,1,4394.9415
606,Sarah Kirkland,Wappingers Falls,NY,1,4387.966
887,Graig Cannon,Syosset,NY,1,4369.3445
910,Elenore William,Mcallen,TX,1,4334.0585
730,Andria Rivers,Amarillo,TX,1,4327.0254
756,Graig Roth,West Babylon,NY,1,4318.4515
537,Carter Bentley,Carmel,NY,1,4318.0054
931,Porter Bass,San Angelo,TX,1,4305.9576
1362,Christiana Gross,Orchard Park,NY,1,4299.957
900,Jule Davenport,San Carlos,CA,1,4298.4537
161,Crystle Gilliam,Smithtown,NY,1,4296.181500000001
527,Afton Juarez,Coram,NY,1,4279.5725
955,Delfina Gilliam,West Babylon,NY,1,4274.981
624,Sharika Colon,Long Beach,NY,1,4271.1134
975,Annis Sanchez,Los Angeles,CA,1,4269.9572
113,Eliana Silva,Farmingdale,NY,1,4236.3466
807,Nathalie Knowles,West Islip,NY,1,4231.121999999999
1433,Nicola Knight,Scarsdale,NY,1,4226.230500000001
155,Lory Page,Bay Shore,NY,1,4214.9734
1298,Trudy Riddle,Schenectady,NY,1,4214.9468
110,Ollie Zimmerman,Anaheim,CA,1,4210.365000000001
781,Tajuana Riddle,Bayside,NY,1,4205.9817
57,Pamala Henry,Bronx,NY,1,4205.964099999999
1269,Gustavo Gamble,Port Washington,NY,1,4204.525799999999
1101,Louise Flowers,Depew,NY,1,4196.9552
612,Gabriel Wagner,Ballston Spa,NY,1,4196.0278
1097,Collen Dennis,San Pablo,CA,1,4195.3079
1163,Carmela Hays,Lawndale,CA,1,4186.5267
1113,Kendra Harrington,Jamestown,NY,1,4171.9479
831,Lory Berg,Oswego,NY,1,4169.9817
861,Olympia Figueroa,Hopewell Junction,NY,1,4169.9815
1096,Tonda Webb,Baldwinsville,NY,1,4169.3542
1246,Dale Rasmussen,Kingston,NY,1,4167.846
1418,Penni Best,Anaheim,CA,1,4162.8555
236,Verona O'neill,Selden,NY,1,4157.9724
301,Annett Garrett,Scarsdale,NY,1,4156.6929
335,Scarlet Reed,Bronx,NY,1,4147.662
1141,Mallie Osborn,Newburgh,NY,1,4135.9565
338,Abbey Pugh,Forest Hills,NY,1,4132.992
1067,Lillia Gillespie,Rego Park,NY,1,4130.3445
178,Genoveva Tyler,New York,NY,1,4125.556500000001
1133,Dung King,West Islip,NY,1,4115.9724
1376,Kimberley Reynolds,Port Washington,NY,1,4109.0650000000005
760,Marisa Chambers,Amityville,NY,1,4105.113
619,Ana Palmer,Anaheim,CA,1,4100.4359
202,Marni Bolton,Lancaster,NY,1,4095.0137999999997
162,Kam Wilder,Newburgh,NY,1,4094.8481
1175,Sindy Anderson,Pomona,CA,1,4092.8567
691,Ladawn Downs,Houston,TX,1,4067.664
1072,Maryalice Henry,Richardson,TX,1,4064.8377
946,Angella Bridges,Pittsford,NY,1,4062.3334
801,Ophelia Rodgers,Hopewell Junction,NY,1,4044.8487000000005
1263,Rufina Chandler,New Hyde Park,NY,1,4044.783
395,Fairy Robinson,Liverpool,NY,1,4041.1537
600,Joi Reeves,San Diego,CA,1,4038.5027
806,Reyes Merritt,Staten Island,NY,1,4037.9647
1066,Raeann Duncan,Anaheim,CA,1,4030.9570000000003
450,Ellsworth Michael,Carmel,NY,1,4030.0561
83,Tiesha Daniel,Scarsdale,NY,1,4029.0626
597,Rudolf Moran,Maspeth,NY,1,4017.4401
40,Ronna Butler,Encino,CA,1,4015.6539
386,Nelle Beck,Upland,CA,1,4012.6457
644,Valentin Mclaughlin,Lindenhurst,NY,1,4001.9184
521,Max Charles,Glen Cove,NY,1,3998.362
362,Olevia Noel,Kingston,NY,1,3997.9747
865,Julia Joyner,Astoria,NY,1,3995.6247000000003
1329,Sharyn Brewer,Hollis,NY,1,3994.4559
208,Denis Logan,Ridgecrest,CA,1,3977.0547
1311,Whitley Cannon,Coram,NY,1,3975.2343
118,Le Wood,Pittsford,NY,1,3974.6254
662,Loraine Sykes,Scarsdale,NY,1,3960.4315
1178,Wendie Nash,Oxnard,CA,1,3950.3624
614,Toshia Cardenas,Amsterdam,NY,1,3935.9680000000008
143,Janae Doyle,Jackson Heights,NY,1,3920.663
1001,Lee Roman,Brentwood,NY,1,3911.8624999999997
309,Anderson Martin,Canandaigua,NY,1,3900.6587000000004
1324,Arla Ellis,Utica,NY,1,3900.0607
109,Monica Sears,San Jose,CA,1,3899.9750000000004
1054,Arielle Levine,Garland,TX,1,3899.9656999999997
1102,Henrietta Wagner,Fort Worth,TX,1,3891.5125
1083,Cher Alston,Wantagh,NY,1,3866.0454
937,Aida Koch,West Hempstead,NY,1,3865.7654
625,Donnetta Henson,Webster,NY,1,3860.1454
437,Laureen Barry,Orchard Park,NY,1,3859.928
150,Weldon Michael,Huntington,NY,1,3840.882
151,Joesph Delacruz,Atwater,CA,1,3831.8547
217,Carline Collier,Fresno,CA,1,3824.0640000000003
645,Lewis Garner,Brentwood,NY,1,3818.2929999999997
1203,Georgeann Rojas,Desoto,TX,1,3818.2124
686,Darcel Harmon,Santa Clara,CA,1,3816.4624
133,Delbert Wilkins,Coram,NY,1,3810.823
181,Olevia Pitts,Redondo Beach,CA,1,3809.9745
234,Winfred Harris,East Meadow,NY,1,3804.9214
168,Nettie Mcdaniel,South Ozone Park,NY,1,3801.6487
1437,Son Warner,Rockville Centre,NY,1,3799.9905
950,Verna Solis,Rochester,NY,1,3799.1634
1088,Jane Henderson,Apple Valley,CA,1,3793.1580000000004
1296,Travis Whitley,Saint Albans,NY,1,3768.9399999999996
515,Reita Dickson,Scarsdale,NY,1,3766.6347
1156,Han Wade,Howard Beach,NY,1,3763.8714999999997
134,Brianna Moss,Hempstead,NY,1,3751.8740000000003
890,Rosanne George,Ossining,NY,1,3750.8731999999995
171,Miriam Baker,Uniondale,NY,1,3723.8275
1262,Brianne Hays,San Pablo,CA,1,3722.983
1115,Lina Meadows,Glen Cove,NY,1,3720.8885
673,Adam Henderson,Los Banos,CA,1,3695.4745000000003
48,Cesar Jackson,Liverpool,NY,1,3679.984
826,Shay Stephenson,Smithtown,NY,1,3671.7054
1188,Marcene Curtis,Yonkers,NY,1,3668.926
856,Lara Guy,Ronkonkoma,NY,1,3659.9825
297,Christia Carson,Helotes,TX,1,3658.1810000000005
270,Claudio Wise,Kingston,NY,1,3646.9826999999996
474,Lavern Orr,Webster,NY,1,3644.045
152,Katherina Odom,Plainview,NY,1,3643.5440000000003
205,Harris Pittman,Jamaica,NY,1,3642.0126
657,Sam Lester,Baldwin,NY,1,3633.359
1430,Tayna Wade,Bakersfield,CA,1,3628.5127
1353,Agatha Daniels,South El Monte,CA,1,3613.7245000000003
74,Georgeann Waller,North Tonawanda,NY,1,3599.991
210,Priscilla Wilkins,Albany,NY,1,3599.991
1003,Sharell Ross,Vista,CA,1,3594.863
716,Sebrina Hart,Coram,NY,1,3591.2700000000004
1223,Bronwyn Vargas,New Windsor,NY,1,3589.5660000000003
670,Shawnda Glover,Liverpool,NY,1,3586.7070000000003
1189,Sheila Goodman,Uniondale,NY,1,3581.4619999999995
277,Mark Garrett,Monroe,NY,1,3570.5560000000005
898,Crysta Velez,Houston,TX,1,3567.561
1028,Shanna Bonner,Canandaigua,NY,1,3564.9665000000005
641,Derrick Marks,Glendora,CA,1,3563.0245000000004
761,Rod Hatfield,Ronkonkoma,NY,1,3546.929
72,Petronila Norris,South El Monte,CA,1,3540.3630000000003
599,Jonell Rivas,Amarillo,TX,1,3535.2759
77,Keri Bridges,Richardson,TX,1,3533.031
694,Lanie Dunn,North Tonawanda,NY,1,3531.3039
469,Micki Rutledge,Richmond Hill,NY,1,3511.7383999999997
512,Hee Greer,Selden,NY,1,3509.973
1306,America Swanson,Webster,NY,1,3505.766
560,Tricia Daniels,Forney,TX,1,3502.4932
907,Daina Sampson,Longview,TX,1,3495.6623999999997
432,Julius Holt,East Meadow,NY,1,3489.9734000000003
90,Marjorie Logan,Franklin Square,NY,1,3486.4114999999997
1219,Alden Atkinson,Shirley,NY,1,3484.0719
648,Catrice Hicks,San Pablo,CA,1,3475.8443
823,Tina Bush,Maspeth,NY,1,3464.0224
705,Camille Harvey,Huntington,NY,1,3463.545
1093,Alejandrina Hodges,Deer Park,NY,1,3447.2278
1358,Noble Glover,Orchard Park,NY,1,3443.9377000000004
1346,Sanora Webster,Los Angeles,CA,1,3442.8135
1211,Brenton Whitaker,Niagara Falls,NY,1,3439.944
435,Izola Hobbs,Woodhaven,NY,1,3439.4575
1191,Tam Fisher,Rochester,NY,1,3439.1719
1080,Mirella Duffy,Longview,TX,1,3430.9631
1124,Hubert Reilly,Amityville,NY,1,3419.981
994,Demarcus Reese,Yorktown Heights,NY,1,3403.8540000000003
864,Lore Sykes,Buffalo,NY,1,3390.465
1344,Eloisa Tucker,Howard Beach,NY,1,3377.9730000000004
813,Neville Mcclain,West Hempstead,NY,1,3376.5951
616,Shery Acosta,Saratoga Springs,NY,1,3372.138
1071,Shemeka Lyons,Pomona,CA,1,3370.5721
709,Vinnie Chan,Forest Hills,NY,1,3359.9717
1265,Bonita Marshall,Endicott,NY,1,3359.7477
260,Rodrick Shelton,Canyon Country,CA,1,3349.6486999999997
688,Pearlie Cochran,Campbell,CA,1,3347.9814
533,Garret Clay,Corpus Christi,TX,1,3346.0319
977,Barton Cox,Amityville,NY,1,3328.0631
1177,Charlesetta Soto,Poughkeepsie,NY,1,3302.1734
951,Steve Bender,Scarsdale,NY,1,3292.427
722,Camila Carroll,San Antonio,TX,1,3292.0045999999998
185,Morton Lee,San Angelo,TX,1,3290.7715
1184,Annabelle Hebert,Spring Valley,NY,1,3287.322
873,Patience Clayton,Niagara Falls,NY,1,3278.054
41,Kathie Freeman,Queensbury,NY,1,3278.0467
132,Boyd Irwin,Hamburg,NY,1,3271.8135
470,Loise Walker,Shirley,NY,1,3270.2309999999998
954,Hassan Nash,Hicksville,NY,1,3269.9827
1416,Miranda Kennedy,Astoria,NY,1,3254.9906999999994
358,Kandace Giles,Wantagh,NY,1,3247.248
1352,Dorothea Miranda,Upland,CA,1,3243.7533999999996
899,Carisa Carpenter,Victoria,TX,1,3239.982
498,Edda Young,North Tonawanda,NY,1,3238.9623999999994
820,Sandy Mills,Schenectady,NY,1,3229.9525
1154,Barry Albert,Auburn,NY,1,3227.391
348,Darren Witt,Coachella,CA,1,3223.184
1082,Divina Madden,Long Beach,NY,1,3199.992
353,Tisa Whitney,Monsey,NY,1,3196.2044
429,Emmett Casey,Valley Stream,NY,1,3194.082
653,Florencio Davenport,Jamestown,NY,1,3191.9525000000003
1059,Season Harvey,East Northport,NY,1,3185.9454
1252,Adriene Rollins,Plainview,NY,1,3181.5405
1145,Deandrea Vega,Yonkers,NY,1,3172.4449
582,Soledad Moses,Jackson Heights,NY,1,3168.5541
1068,Doris Kaufman,Duarte,CA,1,3167.9562
764,Terrell Mathis,Selden,NY,1,3163.0425999999998
618,Skye Pope,Richmond Hill,NY,1,3159.926
1326,Tarra Guerrero,Auburn,NY,1,3155.9565000000002
12,Robby Sykes,Hempstead,NY,1,3155.0534
427,Latonya Dixon,Garland,TX,1,3149.991
832,Pamala Fowler,Ballston Spa,NY,1,3146.4645
1208,Leila Barr,Carmel,NY,1,3144.3269999999998
303,Rolanda Larsen,Woodhaven,NY,1,3136.0432
52,Tu Ramirez,East Elmhurst,NY,1,3126.6414
1218,Donovan Cantrell,Oakland,CA,1,3126.6414
1267,Earline Gordon,Ronkonkoma,NY,1,3126.6414
1167,Ryan Carter,Nanuet,NY,1,3126.6414
1032,Vernon Knowles,Huntington Station,NY,1,3121.4817
102,Marisol Goodman,Canandaigua,NY,1,3121.132
1160,Efren Whitfield,Euless,TX,1,3110.8567000000003
628,Ehtel Cobb,Lockport,NY,1,3105.9644
84,Armand Whitehead,Lindenhurst,NY,1,3104.091
434,Douglass Little,Duarte,CA,1,3092.9447999999998
480,Garland Weaver,Amsterdam,NY,1,3074.2065000000002
712,Kecia Olsen,Santa Cruz,CA,1,3065.9825
231,Jenee Rasmussen,Sacramento,CA,1,3058.9445
273,Queenie Vance,Ozone Park,NY,1,3056.9624
1030,Saran Moses,Brooklyn,NY,1,3049.983
518,Homer Powers,Palos Verdes Peninsula,CA,1,3039.981
679,Tuan Wolfe,West Babylon,NY,1,3038.3214
1127,Waldo Hart,Queensbury,NY,1,3032.982
214,Ross Pugh,North Tonawanda,NY,1,3032.7401
1049,Marcelino Mcbride,Clifton Park,NY,1,3027.0319
507,Sheree Pena,Staten Island,NY,1,3022.8714999999997
941,Danyell Dickerson,Central Islip,NY,1,3018.2852
355,Arvilla Weiss,Bay Shore,NY,1,3015.9719
1404,Loyce Conway,Central Islip,NY,1,3015.3129
239,Felice Guzman,Canyon Country,CA,1,3014.9314000000004
1413,Ophelia Decker,New Windsor,NY,1,3014.3239999999996
129,Walton Dejesus,Lockport,NY,1,3011.4809999999998
1287,Victor Pittman,Astoria,NY,1,2991.759
580,Mellisa Kim,Los Angeles,CA,1,2975.9906999999994
1304,Tama Berg,Hollis,NY,1,2966.6441999999997
174,Babara Ochoa,Scarsdale,NY,1,2963.981
412,Dexter Roberts,Sunnyside,NY,1,2963.981
497,Ezra Fowler,Nanuet,NY,1,2958.3021
307,Fransisca Nicholson,Glendora,CA,1,2942.982
1281,Marlen Dawson,Woodside,NY,1,2932.4811999999997
1400,Shayla Hart,Woodhaven,NY,1,2928.684
1375,Carlena Salinas,Jamaica,NY,1,2915.108
669,Willis Randolph,Harlingen,TX,1,2899.4846
771,Agnes Sims,Buffalo,NY,1,2891.7542000000003
1033,Jeannette Skinner,Forest Hills,NY,1,2889.8561
1285,Garth Huff,Glendora,CA,1,2881.14
982,Orval Hunter,San Angelo,TX,1,2877.7652
799,India Barron,Huntington,NY,1,2873.94
979,Ingeborg Ellison,Ithaca,NY,1,2867.275
489,Kirstie Vazquez,Saratoga Springs,NY,1,2853.9629999999997
14,Garry Espinoza,Forney,TX,1,2849.9905
1055,Hildegarde Christensen,Maspeth,NY,1,2849.9905
1105,Armando Black,Richardson,TX,1,2843.0734
333,Ami Mcmahon,Sunnyside,NY,1,2840.0461000000005
1140,Penney Hall,Liverpool,NY,1,2835.5514
1379,Dorine Thornton,Sunnyside,NY,1,2834.8444
667,Etsuko Garrison,Richmond Hill,NY,1,2827.9494
204,Alpha King,Rockville Centre,NY,1,2813.5587
1029,Ping Quinn,Rowlett,TX,1,2804.1440000000002
1185,Corine Stuart,Clifton Park,NY,1,2801.932
1197,Nakisha Clay,Port Washington,NY,1,2800.2975
1108,Bao Wade,Desoto,TX,1,2793.0481
439,Sunshine Rosario,Jamaica,NY,1,2789.9907
380,Alesia Horne,Selden,NY,1,2787.959
1216,Elvina Gates,Pleasanton,CA,1,2780.547
106,Raul Melendez,Elmhurst,NY,1,2770.9629999999997
326,Shiela Calderon,Rocklin,CA,1,2768.3634
520,Andreas Herman,Mount Vernon,NY,1,2754.9905
892,Alissa Craft,Ossining,NY,1,2754.9905
198,Luis Tyler,Amarillo,TX,1,2749.3474
737,Melita Dominguez,Auburn,NY,1,2748.7464
519,Rudolf Gilliam,Palos Verdes Peninsula,CA,1,2747.2395
51,Gertrud Rhodes,Merrick,NY,1,2744.082
1058,Aisha Woods,Webster,NY,1,2743.9840000000004
987,Louis Powell,Staten Island,NY,1,2738.2497000000003
1275,Lenita Bonner,Los Banos,CA,1,2726.4905
31,Williemae Holloway,Oakland,CA,1,2719.7334
790,Petronila Gallegos,Howard Beach,NY,1,2719.4764
103,Sylvie Wilkerson,Syosset,NY,1,2718.3920000000003
1271,Roy Chan,Pomona,CA,1,2717.964
828,Renato Morton,Mount Vernon,NY,1,2716.765
1229,Carina Lynch,Wappingers Falls,NY,1,2707.8278
1210,Shawnna Frank,Woodside,NY,1,2705.007
650,Rita Bailey,Ossining,NY,1,2701.1742
323,Jeniffer Slater,Schenectady,NY,1,2699.991
1272,Houston Vasquez,Fullerton,CA,1,2699.991
1432,Zona Cameron,East Northport,NY,1,2696.9907
299,Jame Riggs,Bay Shore,NY,1,2687.1434
266,Myung Hooper,Elmont,NY,1,2681.957
953,Kattie Stevenson,Helotes,TX,1,2681.1565
1335,Corina Lynch,Rosedale,NY,1,2672.6926
1183,Kim Clark,Merrick,NY,1,2664.9644
243,Natosha Rowland,Ballston Spa,NY,1,2658.7627
256,Erma Salinas,Merrick,NY,1,2658.1454
1075,Dann Huff,Huntington Station,NY,1,2653.073
1128,Bea Kane,Mahopac,NY,1,2643.2447
636,Ashton Lott,Floral Park,NY,1,2635.122
13,Lashawn Ortiz,Longview,TX,1,2622.5814
1394,Genny Fields,Amityville,NY,1,2615.976
735,Aide Franco,Atwater,CA,1,2605.2824
632,Yvette Rogers,Franklin Square,NY,1,2599.168
1388,Nanette Harris,East Meadow,NY,1,2559.992
201,Candis Harding,Ballston Spa,NY,1,2548.9732
98,Violet Valenzuela,Plattsburgh,NY,1,2546.4665000000005
1384,Elmo Sweeney,San Carlos,CA,1,2518.1494000000002
757,Lamar Greer,Levittown,NY,1,2511.4647
1123,Raphael O'neil,Fairport,NY,1,2509.946
562,Alejandro Norman,Upland,CA,1,2509.881
542,Timothy Byers,Ronkonkoma,NY,1,2501.764
207,Michel Blankenship,Forney,TX,1,2500.4381000000003
872,Silas Tate,Corpus Christi,TX,1,2497.9559
262,Rubin Decker,Buffalo,NY,1,2484.4274
180,Karey Steele,Farmingdale,NY,1,2478.4
1266,Myrl Gay,Garland,TX,1,2474.9727
1264,Devin Velazquez,Brentwood,NY,1,2469.9585
1351,Carman Hardy,Jamestown,NY,1,2465.4572
706,Lolita O'neill,Massapequa Park,NY,1,2452.9480000000003
552,Lea Key,Banning,CA,1,2449.7546
495,Travis Goodman,Los Banos,CA,1,2446.941
988,Vanda Holmes,Syosset,NY,1,2432.9444
795,Mariam Miranda,Franklin Square,NY,1,2431.165
385,Rochelle Ward,Glendora,CA,1,2427.9566999999997
87,Yan Mcgowan,Duarte,CA,1,2426.9854
639,Ronald Parsons,Maspeth,NY,1,2420.553
818,Joel Wynn,San Diego,CA,1,2419.7634
1381,Mercedez Brooks,Duarte,CA,1,2414.9629999999997
936,Sherilyn Wilcox,Ossining,NY,1,2411.4714999999997
1282,Alexis Mack,New City,NY,1,2402.476
176,Carley Reynolds,South El Monte,CA,1,2385.963
393,Gertrude Terry,Upland,CA,1,2379.973
777,Ilda Roberson,Kingston,NY,1,2379.4635
250,Ivonne Yang,El Paso,TX,1,2371.1624
1104,Khalilah Robertson,Spring Valley,NY,1,2362.1628
1121,Shasta Combs,Yorktown Heights,NY,1,2360.3907
467,Clare Neal,Mahopac,NY,1,2357.9642
510,Faustino Delacruz,South Richmond Hill,NY,1,2346.6624
319,Justin Newton,Apple Valley,CA,1,2337.4625
131,Tanesha Hampton,Syosset,NY,1,2335.5207
1323,Ebony Cotton,West Babylon,NY,1,2333.3559999999998
1039,Bee Baker,Liverpool,NY,1,2329.5760000000005
287,Mireille Puckett,Oxnard,CA,1,2320.5564000000004
1380,Eliz Lynch,Uniondale,NY,1,2319.992
139,Wanita Davenport,Spring Valley,NY,1,2319.976
1308,Shea Howell,South El Monte,CA,1,2319.9680000000003
1399,Angelika Perry,Canandaigua,NY,1,2319.7538999999997
502,Malinda Baxter,Whitestone,NY,1,2312.4447
967,Laurette Hebert,Canandaigua,NY,1,2309.3035
76,Parker Prince,Port Jefferson Station,NY,1,2299.9494
408,Edra Fitzgerald,Central Islip,NY,1,2297.7575
224,Moses Pope,Lawndale,CA,1,2289.667
1181,Agustina Lawrence,Brooklyn,NY,1,2283.8072
402,Kerrie Morton,Pittsford,NY,1,2282.965
50,Cleotilde Booth,Sugar Land,TX,1,2264.9727
1251,Nanette Roman,Glendora,CA,1,2259.3407
315,Justina Jenkins,Baldwin,NY,1,2258.1215
817,Zelda Pratt,Lancaster,NY,1,2252.915
939,Maximina Hutchinson,Corpus Christi,TX,1,2230.5485
1278,Loan Graham,Jackson Heights,NY,1,2228.2451
575,Laurence Christian,Jamaica,NY,1,2222.8722
1027,Shanita Wiley,Saint Albans,NY,1,2217.6427000000003
759,Cira Downs,Oakland,CA,1,2214.0537
770,Lavonda Stephenson,Bay Shore,NY,1,2208.9745000000003
1046,Dane Mcdaniel,Canandaigua,NY,1,2205.7557
1401,Willetta Murphy,East Elmhurst,NY,1,2200.9444
436,Honey Camacho,Bayside,NY,1,2200.8641
546,Thad Castro,Brentwood,NY,1,2197.9500000000003
553,Rory Cooper,Rocklin,CA,1,2197.892
789,Tad Gardner,Niagara Falls,NY,1,2195.5747
1331,Divina Reeves,Newburgh,NY,1,2195.0517
1087,Willow Gardner,Pleasanton,CA,1,2190.566
324,Laureen Paul,Bellmore,NY,1,2165.0816999999997
241,Manie Sanchez,Queensbury,NY,1,2157.916
1045,Pasquale Hogan,Vista,CA,1,2155.172
45,Bennett Armstrong,Bethpage,NY,1,2141.675
376,Elanor Patrick,Victoria,TX,1,2136.531
938,Emory O'connor,Rochester,NY,1,2135.0624
1217,Carlie Terrell,Yonkers,NY,1,2133.9264
1179,Vernetta Banks,Brooklyn,NY,1,2123.5632
42,Tangela Quinn,Richmond Hill,NY,1,2120.6630999999998
1231,Selene Vega,Campbell,CA,1,2119.259
466,Collen Hayes,Smithtown,NY,1,2113.5840000000003
64,Bobbie Foster,Desoto,TX,1,2112.2957
668,Calandra Stanton,Lake Jackson,TX,1,2100.9225
909,Alita Salinas,Uniondale,NY,1,2099.9637
1409,Lamar Bush,Buffalo,NY,1,2093.4135
584,Lynne Anderson,El Paso,TX,1,2090.6642
1250,Neoma Daugherty,Mount Vernon,NY,1,2083.1605
190,Toya Pratt,Long Beach,NY,1,2082.1435
1234,Joshua Berg,Ossining,NY,1,2069.4549
189,Damian Dawson,Liverpool,NY,1,2069.3725
620,Eric Hardin,Jamaica,NY,1,2065.9827
1182,Trinidad Chapman,Ronkonkoma,NY,1,2052.3520000000003
1429,Lorrie Justice,Pomona,CA,1,2042.0634
1367,Lucile Manning,Campbell,CA,1,2032.4445
1193,Phebe Soto,South Ozone Park,NY,1,2024.0637
1187,Kenyetta Mason,Flushing,NY,1,2013.9650000000001
845,Kathyrn Bush,Bronx,NY,1,2011.4626
855,Lean Stark,Upland,CA,1,2008.7628
1385,Kenton Hughes,Canandaigua,NY,1,2006.0629
10,Pamelia Newman,Monroe,NY,1,2004.0840000000003
431,Luciano Marsh,Bellmore,NY,1,1999.3494
359,Angie Powers,Pomona,CA,1,1990.1627999999998
1226,Qiana Jackson,East Northport,NY,1,1988.0501
680,Mathilda Pennington,New City,NY,1,1987.966
797,Cathey Lamb,Bayside,NY,1,1984.073
932,Yvonne Bean,Wappingers Falls,NY,1,1973.7314
854,Phylis Adkins,New York,NY,1,1972.9624
357,Sheri Cole,San Jose,CA,1,1970.5907
944,Tonja Henderson,Scarsdale,NY,1,1964.081
15,Linnie Branch,Plattsburgh,NY,1,1961.8652000000002
1355,Thad Gilliam,Levittown,NY,1,1961.0812
1114,Douglass Blankenship,Albany,NY,1,1951.3474
1000,Shiloh Reeves,West Babylon,NY,1,1950.5749999999998
548,Dori Alvarez,Kingston,NY,1,1949.6365
825,Kristel Byrd,Hicksville,NY,1,1934.9634
331,Aleta Mack,Bay Shore,NY,1,1929.514
796,Rosalie Coffey,Upland,CA,1,1926.581
1173,Chanel May,Garden City,NY,1,1904.4585000000002
556,Vernell Goff,Monroe,NY,1,1902.5629
708,Majorie Glover,Apple Valley,CA,1,1899.981
62,Alica Hunter,East Elmhurst,NY,1,1899.173
449,Josie Schultz,Canyon Country,CA,1,1894.541
1232,Jong Guthrie,Bethpage,NY,1,1891.1125
940,Marina Hinton,Encino,CA,1,1885.8839
117,Dacia William,Sugar Land,TX,1,1876.4635
1107,Lynda Newman,Saratoga Springs,NY,1,1868.9634
811,Shanti Johnston,Staten Island,NY,1,1863.966
1363,Nestor Haynes,Houston,TX,1,1860.5825
962,Maple Griffin,Copperas Cove,TX,1,1856.6117
1407,Hugh Craft,Centereach,NY,1,1856.0750000000003
935,Genevie Miles,Monroe,NY,1,1850.0567
430,Kandi Mcneil,Massapequa Park,NY,1,1847.0647
1117,Jeffrey Hill,Rosedale,NY,1,1845.882
913,Liliana Kerr,Desoto,TX,1,1841.6217
261,Ferne Kline,Fullerton,CA,1,1837.4717
638,Tomeka Higgins,Poughkeepsie,NY,1,1832.0628
1299,Shauna Edwards,Yorktown Heights,NY,1,1831.1814
1410,Lurlene Finch,Yonkers,NY,1,1829.6654999999998
1343,Jama Rodriquez,Upland,CA,1,1818.4544999999998
1386,Cesar Wilkins,San Diego,CA,1,1806.4125
1038,Garry Juarez,Forest Hills,NY,1,1805.9660000000001
858,Klara Kim,Rome,NY,1,1804.8565
343,Jesica Fields,Commack,NY,1,1800.4814999999999
1016,Shenna Benton,New York,NY,1,1797.975
914,Hortencia O'neil,Rockville Centre,NY,1,1793.7574
1047,Jamaal Baker,Elmhurst,NY,1,1786.4650000000001
26,Theo Reese,Long Beach,NY,1,1769.3815
710,Ezra Silva,New Windsor,NY,1,1765.1307
535,Inge Olsen,Long Beach,NY,1,1759.976
365,Rodger Rojas,Bayside,NY,1,1758.5140000000001
232,Freddie Mathis,Euless,TX,1,1755.3725
629,Evelina Byrd,Buffalo,NY,1,1754.146
814,Ghislaine Compton,Lindenhurst,NY,1,1754.0464
1180,Myrtle Gardner,Farmingdale,NY,1,1753.7717
1198,Cheryll Snyder,Brooklyn,NY,1,1745.9640000000002
1371,Pandora Estes,New Hyde Park,NY,1,1734.9325
116,Merlene Vinson,Euless,TX,1,1720.9667
254,Cristobal Hutchinson,Lawndale,CA,1,1716.553
237,Elvera Peck,Banning,CA,1,1709.9905
416,Luke Fuller,Hempstead,NY,1,1709.3652
933,Lurline Rivers,Howard Beach,NY,1,1708.3719
1431,Mark Benton,East Elmhurst,NY,1,1705.9632
563,Rodney Odom,Richmond Hill,NY,1,1703.6815000000001
1212,Jaqueline Cummings,Huntington Station,NY,1,1697.9717
834,Brain Skinner,Euless,TX,1,1694.0557000000001
745,Carolyne Conley,Floral Park,NY,1,1692.5720999999999
1194,Leticia Snyder,Pittsford,NY,1,1692.537
456,Serina Hensley,Jamaica,NY,1,1690.6635
392,Cyndi Bush,Elmhurst,NY,1,1681.9740000000002
1393,Vivian Deleon,Jamaica,NY,1,1681.4810000000002
678,Myron Johns,Whitestone,NY,1,1673.9906999999998
816,Marshall Johnson,Vista,CA,1,1669.9825
318,Eliz Whitney,Fullerton,CA,1,1662.0538999999999
590,Cyndi Dyer,Baldwin,NY,1,1655.0719
731,Hilary Savage,Oxnard,CA,1,1652.981
1405,Thanh Figueroa,Mount Vernon,NY,1,1649.9724999999999
591,Danilo Holmes,Hicksville,NY,1,1646.3814
740,Gwenn Melton,Centereach,NY,1,1644.5165
485,Catherine Miles,East Elmhurst,NY,1,1635.5468
1338,Inez Snider,Ronkonkoma,NY,1,1626.7824999999998
267,Angelina Lloyd,Apple Valley,CA,1,1625.963
1309,Kimberli Cline,Centereach,NY,1,1619.991
1076,Sherise Mercer,Vista,CA,1,1619.991
371,Loni Duncan,Rosedale,NY,1,1619.991
419,Krystin Marshall,Poughkeepsie,NY,1,1613.3947000000003
911,Nikita Roy,Pittsford,NY,1,1611.0747000000001
18,Georgetta Hardin,Canandaigua,NY,1,1605.0839999999998
433,Holly Nieves,Longview,TX,1,1601.3717
291,Boyce Burks,Sunnyside,NY,1,1600.093
445,Earline Ballard,Mount Vernon,NY,1,1599.9840000000002
1327,Consuela Romero,Monroe,NY,1,1599.9840000000002
1109,Gussie Harding,Deer Park,NY,1,1595.6657
1339,Neida King,Oceanside,NY,1,1590.8534
698,Charleen Joyner,Corona,NY,1,1585.156
1243,Heide Reed,Floral Park,NY,1,1582.1634
264,Mariela Huffman,Garden City,NY,1,1577.0717
1106,Jerri Henry,Spring Valley,NY,1,1576.7820000000002
1155,Verdell Joyner,Far Rockaway,NY,1,1567.4715
219,Darcie Morgan,Oceanside,NY,1,1567.173
16,Emmitt Sanchez,New York,NY,1,1560.7839999999999
707,Terese Briggs,Woodside,NY,1,1559.9724999999999
570,Marissa Summers,Saint Albans,NY,1,1556.7828
621,Basil Ballard,San Lorenzo,CA,1,1553.9650000000001
71,Takako Casey,Bronx,NY,1,1551.3405
841,Manie Maxwell,Ronkonkoma,NY,1,1546.384
317,Christia Wilkins,Woodside,NY,1,1543.7628
1256,Nubia Anderson,Ronkonkoma,NY,1,1538.964
369,Mary Singleton,Woodside,NY,1,1536.1215
1434,Elana Miles,Liverpool,NY,1,1530.963
763,Han Schneider,Elmhurst,NY,1,1525.1628
876,Onita Macdonald,Glen Cove,NY,1,1525.1539
523,Joshua Robertson,Patchogue,NY,1,1519.981
483,Gayla Sims,Lindenhurst,NY,1,1519.2
927,Guillermo Hart,New York,NY,1,1516.3400000000001
589,Jeffry Church,Pleasanton,CA,1,1512.891
1305,Dalia Carson,Rochester,NY,1,1509.4727000000003
635,Myrtie James,Merrick,NY,1,1502.963
942,Davis Long,Lancaster,NY,1,1499.9719
516,Rosa Kinney,Brooklyn,NY,1,1499.9660000000001
1389,Ulrike Chan,Port Chester,NY,1,1499.382
222,Anya Contreras,East Northport,NY,1,1497.4827
494,Pearl Fox,Uniondale,NY,1,1494.9554
424,Charleen Hurst,Utica,NY,1,1490.2907
835,Roseanne Maynard,Euless,TX,1,1485.4635
191,Graciela Barber,Oxnard,CA,1,1478.9635
211,Gilma Dejesus,Scarsdale,NY,1,1472.481
290,Barry Buckner,Centereach,NY,1,1467.9554
930,Delana Wagner,Clifton Park,NY,1,1464.2552
438,Katharine Herrera,Queensbury,NY,1,1455.974
487,Grace Madden,San Pablo,CA,1,1450.023
1222,Geraldine O'donnell,Flushing,NY,1,1441.165
253,Maurice Norton,Atwater,CA,1,1439.9840000000002
699,Zella Fernandez,Rockville Centre,NY,1,1422.963
596,Emelda Dickerson,Hamburg,NY,1,1422.4825
980,Carter Booth,Port Chester,NY,1,1416.5729999999999
1420,Kelsey Noble,Mount Vernon,NY,1,1407.552
101,Nichelle Howell,Scarsdale,NY,1,1405.962
674,Ira Moore,Saratoga Springs,NY,1,1402.774
1444,Ivette Estes,Canandaigua,NY,1,1399.976
822,Kristy Watkins,Howard Beach,NY,1,1396.4905
158,Alane Kennedy,Spring Valley,NY,1,1395.1624
968,Jonna Brown,Mahopac,NY,1,1394.9906999999998
476,Christopher Richardson,Santa Cruz,CA,1,1394.9814
1383,Desire Mcgowan,Bakersfield,CA,1,1392.2730000000001
1253,Susannah Fields,Far Rockaway,NY,1,1390.4734
720,Devin Shaffer,Rochester,NY,1,1389.772
465,Birdie Kramer,Troy,NY,1,1382.972
7,Latasha Hays,Buffalo,NY,1,1378.1905000000002
397,Jeannie Wilcox,Franklin Square,NY,1,1378.182
1204,Leslie Higgins,Saratoga Springs,NY,1,1372.4719
1017,Philip Bryan,Oakland,CA,1,1368.0717
387,Kaila Walters,Elmhurst,NY,1,1367.984
881,Chloe Patel,Santa Monica,CA,1,1367.0907
634,Taylor Cole,Carmel,NY,1,1364.944
1356,Inger Jennings,Patchogue,NY,1,1359.976
647,Janelle Maldonado,Richmond Hill,NY,1,1353.748
843,Tessie Farmer,Plattsburgh,NY,1,1351.7224
741,Laci Castro,Saint Albans,NY,1,1349.982
175,Nova Hess,Duarte,CA,1,1349.982
874,Mila Good,Plattsburgh,NY,1,1344.792
414,Romaine Haley,Ithaca,NY,1,1337.0817
399,Bart Hess,Kingston,NY,1,1331.9733999999999
921,Evelin Vargas,Webster,NY,1,1328.6529
868,Domingo Casey,San Jose,CA,1,1311.2907
750,Romaine Salazar,Monsey,NY,1,1307.6225
458,Everett Vega,Holbrook,NY,1,1304.975
44,Onita Johns,Elmont,NY,1,1303.0647000000001
915,Beryl Bennett,Sacramento,CA,1,1301.4715
1345,Arie Hunter,Flushing,NY,1,1287.5737000000001
1293,Sally Kinney,Floral Park,NY,1,1285.9717
949,Venessa Frost,Scarsdale,NY,1,1279.0627
511,Julienne Moody,Fort Worth,TX,1,1277.9660000000001
879,Ethelyn Ray,Garden City,NY,1,1276.975
664,Augustus Schmidt,Corona,NY,1,1272.7839999999999
630,Zulema Browning,Amsterdam,NY,1,1265.9724
928,Joann Barber,Santa Monica,CA,1,1264.9827
148,Julee Woodard,Richmond Hill,NY,1,1260.973
769,Agatha Melton,Springfield Gardens,NY,1,1258.972
1053,Parthenia Figueroa,Mahopac,NY,1,1257.972
1143,Sommer Hopkins,Tonawanda,NY,1,1256.091
183,Jeniffer Ratliff,Floral Park,NY,1,1254.9405
623,Cayla Johnson,Coram,NY,1,1253.981
311,Charise Burt,Fresno,CA,1,1250.8636999999999
1110,Shirely Cantrell,West Hempstead,NY,1,1249.972
405,Greta Page,Commack,NY,1,1245.973
1294,Edith Davenport,Ontario,CA,1,1243.7847000000002
1361,Destiny Goodman,Westbury,NY,1,1240.184
305,Hope Cotton,Redondo Beach,CA,1,1238.566
1412,Adrien Hunter,Rego Park,NY,1,1234.9715
1002,Cami Williamson,Massapequa,NY,1,1233.6722
573,Rubye Mccall,Troy,NY,1,1229.0919999999999
1186,Kiesha Bond,San Carlos,CA,1,1228.5207
812,Martha Burgess,Woodhaven,NY,1,1227.5814
902,Elease Dejesus,Oswego,NY,1,1217.264
1170,Mechelle Chan,Richmond Hill,NY,1,1210.2714999999998
1013,Alma Peck,Corona,NY,1,1209.4747
294,Clementina Sargent,Rome,NY,1,1208.4825
504,Tiana Henderson,Franklin Square,NY,1,1200.542
341,Delana Scott,Mount Vernon,NY,1,1199.9840000000002
1387,Phylicia Stout,Canandaigua,NY,1,1199.9840000000002
974,Marcell Barrett,Astoria,NY,1,1197.0725
522,Tammera Fischer,Oakland,CA,1,1196.9665
784,Debbra Jacobson,Ballston Spa,NY,1,1194.2817
791,Yun Nelson,Ballston Spa,NY,1,1189.9825
772,Latricia Lindsey,Yorktown Heights,NY,1,1174.5654
283,Jaimee Day,Poughkeepsie,NY,1,1172.9724
321,Chere Hardin,Brooklyn,NY,1,1165.0810000000001
406,Kerrie O'neill,Shirley,NY,1,1139.981
164,Tomika Larson,Woodside,NY,1,1139.981
475,Alec Peck,Victoria,TX,1,1139.981
398,Suellen Mercado,Sunnyside,NY,1,1139.981
992,Chere Alston,Patchogue,NY,1,1139.962
9,Genoveva Baldwin,Port Washington,NY,1,1133.91
81,Zina Bonner,San Lorenzo,CA,1,1132.9650000000001
209,Jutta Everett,Selden,NY,1,1127.992
23,Kaylee English,Hollis,NY,1,1115.982
1241,Nathaniel Davidson,Rome,NY,1,1115.9814
1073,Leeanne Cross,Bayside,NY,1,1115.9814
244,Jessika Bray,San Pablo,CA,1,1113.2655
1035,Tangela Hurley,Campbell,CA,1,1104.4745
248,Cecelia Gill,Mcallen,TX,1,1101.683
1292,Lakenya Oliver,San Lorenzo,CA,1,1099.4814999999999
265,Mellisa Farley,Central Islip,NY,1,1096.1817
656,Romana Barnes,Floral Park,NY,1,1094.9750000000001
88,Titus Bullock,Hollis,NY,1,1092.481
947,Angele Castro,Palos Verdes Peninsula,CA,1,1082.9715
121,Lucy Woods,Palos Verdes Peninsula,CA,1,1079.982
1061,Alanna Barry,Euless,TX,1,1076.9307
1074,Lanelle Guerra,Floral Park,NY,1,1072.1624
978,Diana Reyes,Bronx,NY,1,1064.682
652,Tilda Melton,Troy,NY,1,1063.8921
956,Venus Hewitt,Farmingdale,NY,1,1060.553
1064,Patsy Russo,Rowlett,TX,1,1060.1721
188,Sharla Flynn,Oxnard,CA,1,1056.792
1116,Patria Harper,Astoria,NY,1,1055.9840000000002
1318,Tisha Petty,San Antonio,TX,1,1052.972
588,Cherelle Key,Valley Stream,NY,1,1052.9630000000002
477,Arminda Weber,Bellmore,NY,1,1044.981
1011,Sebrina Gross,Garland,TX,1,1042.1724
1044,Zenia Bruce,Rosedale,NY,1,1041.5814
869,Rodrigo Durham,Richmond Hill,NY,1,1037.3715
849,Phyllis Hill,Syosset,NY,1,1034.2827
286,Virgil Frost,Levittown,NY,1,1026.7014
300,Rayford Simon,Mountain View,CA,1,1023.984
753,Mandi Gibbs,East Elmhurst,NY,1,1022.9814
981,Christel Cardenas,Long Beach,NY,1,1022.9814
1099,Jewell Reyes,Jackson Heights,NY,1,1019.963
695,Christoper Gould,Shirley,NY,1,1006.981
719,Nicki Fry,Endicott,NY,1,1006.981
284,Susann Bass,Commack,NY,1,1001.6116999999999
1139,Gabriella Jones,Mount Vernon,NY,1,999.4825000000001
1377,Johana Jacobson,Rochester,NY,1,997.1723999999999
617,Jenna Saunders,Yorktown Heights,NY,1,993.2214
851,Arlena Buckner,New Hyde Park,NY,1,992.9649999999999
1364,Grisel Maynard,Ballston Spa,NY,1,989.991
1221,Joy Underwood,Apple Valley,CA,1,989.982
852,Lezlie Thompson,Freeport,NY,1,989.982
766,Lecia Hancock,Schenectady,NY,1,989.982
1366,Trena Rogers,Campbell,CA,1,989.982
830,Edmund Gaines,Copperas Cove,TX,1,989.982
704,Morton Barron,Bakersfield,CA,1,988.4817
468,Jeanett Herman,Lindenhurst,NY,1,962.973
733,Doreatha Ford,Huntington,NY,1,959.984
585,Chasidy Webster,Rocklin,CA,1,959.984
1288,Allie Conley,Lawndale,CA,1,959.984
55,Diana Guerra,Merrick,NY,1,959.984
743,Tania Swanson,Longview,TX,1,954.9825000000001
561,Kandace Hughes,San Lorenzo,CA,1,953.982
325,Berna Moore,Bronx,NY,1,949.9905
373,Mariette Trevino,Utica,NY,1,949.981
889,Lucilla Williams,San Carlos,CA,1,949.1727000000001
572,Wm Pope,Auburn,NY,1,930.981
785,Kandis Mills,Hamburg,NY,1,929.9814
1025,Daphine Willis,Farmingdale,NY,1,927.9840000000002
926,Katina Mcintosh,Bakersfield,CA,1,926.091
1255,Ben Stone,Ithaca,NY,1,923.0727
193,Ayanna Rhodes,Hicksville,NY,1,914.967
957,Stephen Vega,Anaheim,CA,1,912.2729999999999
775,Kermit Hyde,Patchogue,NY,1,908.076
1008,Berneice Pollard,Forney,TX,1,892.981
1098,Treasa Dickerson,Rockville Centre,NY,1,889.5840000000001
381,Kristen Alvarez,Bronx,NY,1,888.2814000000001
683,Amparo Burks,Merrick,NY,1,879.984
271,Katheleen Marks,Longview,TX,1,879.984
389,Leif Short,San Angelo,TX,1,877.9812
422,Valery Saunders,Victoria,TX,1,872.0820000000001
382,Collin Webster,Howard Beach,NY,1,861.0117
1325,Magdalena Sherman,Oswego,NY,1,854.191
659,Antonetta Rocha,Port Chester,NY,1,853.0999999999999
792,Edgar Horn,West Babylon,NY,1,847.984
829,Marcy Rodriguez,Lockport,NY,1,845.9820000000001
528,Angele Schroeder,New City,NY,1,845.9820000000001
884,Willian Hardin,Oswego,NY,1,845.9820000000001
633,Kiara Deleon,Anaheim,CA,1,845.182
47,Bridgette Guerra,San Lorenzo,CA,1,839.781
604,Kylee Dickson,Amityville,NY,1,837.9827
847,Lizette Ellison,Port Washington,NY,1,836.9814
1094,Keitha Black,Lindenhurst,NY,1,824.9815
229,Molly Langley,Holbrook,NY,1,814.6707
1402,Sandee Alvarado,Depew,NY,1,799.9920000000001
1168,Almeta Benjamin,Sunnyside,NY,1,799.9920000000001
729,Hue Dalton,Apple Valley,CA,1,799.9920000000001
49,Caroll Hays,Fairport,NY,1,799.9920000000001
602,Delaine Estes,Amarillo,TX,1,799.984
1157,Anton Barton,Buffalo,NY,1,797.9399999999999
1337,Bernetta Summers,Longview,TX,1,773.9817
642,Yang Roth,Webster,NY,1,772.2
1079,Cindi Ellis,Floral Park,NY,1,758.9827
377,Klara Mosley,Port Chester,NY,1,755.972
336,Trisha Johnson,Lancaster,NY,1,754.5812
1092,Lavinia Cotton,East Northport,NY,1,753.5840000000001
166,Lena Mills,Woodhaven,NY,1,751.984
154,Jenise Preston,Helotes,TX,1,751.984
368,Alysha Powers,Forest Hills,NY,1,751.984
846,Sylvester Chan,Rocklin,CA,1,728.9730000000001
409,Jerome Bolton,Carmel,NY,1,728.973
697,Alane Mccarty,San Diego,CA,1,728.973
114,Thalia Horne,Amityville,NY,1,727.984
137,Shonta Mercer,Massapequa,NY,1,723.8905
249,Magda Eaton,Ossining,NY,1,723.8905
455,Sherita Cherry,Liverpool,NY,1,719.984
1077,Heather Perry,Sunnyside,NY,1,718.4000000000001
501,Tony Hicks,Anaheim,CA,1,712.4905
901,Lonna Franks,Ontario,CA,1,712.4905
1277,Piedad Irwin,Coram,NY,1,706.7814
1036,Randee Lester,Centereach,NY,1,700.792
508,Vance Taylor,Lancaster,NY,1,697.4907
187,Hedwig Paul,Apple Valley,CA,1,697.4907
842,Giselle Robles,San Angelo,TX,1,692.0817
67,Tommie Melton,Sacramento,CA,1,689.4815
17,Caren Stephens,Scarsdale,NY,1,689.4815
943,Lynn Mcmahon,Scarsdale,NY,1,683.0747
924,Lea Irwin,New Windsor,NY,1,683.0747
1428,Carola Johns,Santa Cruz,CA,1,674.991
228,Whitney Estes,Brentwood,NY,1,674.991
654,Eun Harris,San Diego,CA,1,660.5905
891,Ashlie Parrish,Monsey,NY,1,655.984
655,Marylyn Browning,Scarsdale,NY,1,655.1907
551,Jenine Crane,Fort Worth,TX,1,642.542
821,Cassidy Clark,Astoria,NY,1,633.6245
302,Hayden Cross,Apple Valley,CA,1,631.6747
1270,Ciera Webb,Orchard Park,NY,1,629.9820000000001
1369,Starr Schneider,Shirley,NY,1,620.092
285,Leola Gould,Astoria,NY,1,613.7907
897,Bettyann Acosta,Lancaster,NY,1,611.9820000000001
233,Mariana Strong,Santa Clara,CA,1,607.984
1239,Tara Maynard,Lindenhurst,NY,1,601.5812000000001
423,Johna Powers,Deer Park,NY,1,599.9920000000001
418,Georgeanna Webster,Oxnard,CA,1,593.991
671,Jennette Baker,Banning,CA,1,583.976
493,Lise Alvarado,Hamburg,NY,1,576.7917
471,Burma Summers,Freeport,NY,1,569.9905
1357,Karren Lamb,Fresno,CA,1,569.981
918,Kristel Bullock,Smithtown,NY,1,557.9907
549,Elmo Arnold,Long Beach,NY,1,557.9907
1417,Jasper Castro,Forney,TX,1,557.9814
658,Nicki Larson,Monsey,NY,1,557.9814
1320,Obdulia Barber,Newburgh,NY,1,543.984
786,Wallace Lane,South Richmond Hill,NY,1,539.991
1176,Sheree Blanchard,Queensbury,NY,1,531.981
56,Lolita Mosley,Houston,TX,1,531.981
532,Mia Delgado,Coachella,CA,1,527.984
1342,Lekisha Pope,Freeport,NY,1,527.7812
120,Luz House,Fresno,CA,1,527.2821
1207,Jenell Crosby,Brentwood,NY,1,524.3905
370,Jina Cooper,Howard Beach,NY,1,521.9817
404,Augustus Steele,Ballston Spa,NY,1,519.984
448,Janella Bright,Rochester,NY,1,513.3507
1228,Zulema Clemons,Oakland,CA,1,512.981
676,Gayle Wilkinson,Lindenhurst,NY,1,512.981
92,Tena Cruz,Farmingdale,NY,1,512.981
1146,Charlsie Carson,Saint Albans,NY,1,512.981
622,Gabriel Pitts,Clifton Park,NY,1,512.981
684,Jenny Bell,Niagara Falls,NY,1,511.4907
1289,Shanelle Anderson,Bethpage,NY,1,507.2905
346,Jacalyn Barnett,Maspeth,NY,1,502.1907
613,Margene Eaton,Wantagh,NY,1,502.1814
1130,Benny Bender,Elmont,NY,1,502.1814
1297,Vanessa West,New Rochelle,NY,1,502.1814
608,Taisha Vang,Shirley,NY,1,502.1814
964,Brent Calderon,Corpus Christi,TX,1,502.1814
304,Jayme Zamora,Springfield Gardens,NY,1,502.1814
996,Serafina Clemons,Shirley,NY,1,494.991
1286,Dione Pratt,Pleasanton,CA,1,494.991
1050,Rozella Fitzgerald,Shirley,NY,1,480.591
721,Erlinda Osborne,West Islip,NY,1,479.992
925,Bryce Monroe,Kingston,NY,1,474.9905
1065,Desiree Branch,San Lorenzo,CA,1,466.8414
767,Twana Arnold,Anaheim,CA,1,464.9907
378,Rosalba O'neal,Mount Vernon,NY,1,464.9907
454,Terese Palmer,Bay Shore,NY,1,464.9907
513,Whitney Cash,Hamburg,NY,1,458.983
860,Loni Mullen,South Ozone Park,NY,1,451.782
1022,Hye Mercer,Mahopac,NY,1,440.991
258,Maribel William,Torrance,CA,1,437.0907
558,Carroll Kelly,Monroe,NY,1,431.984
1095,Corene Swanson,Rego Park,NY,1,426.55
130,Wes Stanton,Troy,NY,1,423.992
592,Joni Lee,Centereach,NY,1,422.991
388,Aleta Stone,Whitestone,NY,1,418.4907
857,Inga Koch,New Windsor,NY,1,418.4907
804,Douglas Richards,Valley Stream,NY,1,417.9905
11,Deshawn Mendoza,Monsey,NY,1,404.991
703,Diana Cobb,Fullerton,CA,1,398.97
725,Carola Mcpherson,Rego Park,NY,1,396.1405
969,Jennell Solis,Rochester,NY,1,391.992
200,Ashely Holmes,Farmingdale,NY,1,391.992
34,Brittney Woodward,East Northport,NY,1,387.8007
586,Ulysses Gaines,Monsey,NY,1,386.1
685,Laverne Craft,Forest Hills,NY,1,386.1
746,Eldridge Greer,Central Islip,NY,1,386.1
601,Leland Mcdowell,Encino,CA,1,377.982
452,Cassandra Nichols,Hicksville,NY,1,377.982
993,Giovanna Jefferson,Ridgecrest,CA,1,377.982
446,Nathanael Bradley,Amsterdam,NY,1,377.982
457,Jeni Farley,Richmond Hill,NY,1,377.982
141,Ramiro Byers,Saint Albans,NY,1,376.792
693,Merlin Foreman,Hempstead,NY,1,375.992
827,George Pickett,Sunnyside,NY,1,375.992
451,Jennette Wooten,Rowlett,TX,1,359.20000000000005
557,Erlene Cook,Mount Vernon,NY,1,359.20000000000005
1427,Mikel Wilkerson,Atwater,CA,1,351.992
805,Phillis Fowler,Clifton Park,NY,1,335.98400000000004
776,Angelique Merrill,South El Monte,CA,1,333.59200000000004
1317,Glady Wells,Syosset,NY,1,325.4907
97,Louanne Martin,Yuba City,CA,1,322.9905
78,Chi Goff,Palos Verdes Peninsula,CA,1,316.1907
1009,Deangelo Cooley,Rosedale,NY,1,314.99100000000004
482,Narcisa Knapp,Amarillo,TX,1,279.992
1283,Mica Barry,Hopewell Junction,NY,1,279.992
1004,Jerald Blackwell,East Elmhurst,NY,1,278.9907
1336,Joe Melton,New Windsor,NY,1,269.99100000000004
539,Jamika Acevedo,Ozone Park,NY,1,269.99100000000004
342,Cassondra Pruitt,Merrick,NY,1,269.99100000000004
875,Tanesha Sawyer,Rosedale,NY,1,269.99100000000004
391,Vernita Ball,Los Banos,CA,1,269.99100000000004
401,Shaunda Barnett,Longview,TX,1,256.4905
144,Hans Price,Port Chester,NY,1,256.4905
714,Senaida Thompson,Bronx,NY,1,256.4905
8,Jacquline Duncan,Jackson Heights,NY,1,251.0907
1166,Junita Reese,Bay Shore,NY,1,242.991
442,Alane Munoz,Yonkers,NY,1,242.991
788,Lilliam Nolan,Copperas Cove,TX,1,242.991
1340,Tona Velasquez,Whitestone,NY,1,242.991
677,Launa Hull,Helotes,TX,1,242.991
363,Kaci Gallegos,Ballston Spa,NY,1,242.991
514,Clarita Curry,Hollis,NY,1,242.991
1142,Britteny Schroeder,Pittsford,NY,1,232.4907
347,Kanesha Hudson,Oakland,CA,1,225.891
32,Araceli Golden,Fullerton,CA,1,215.992
593,Antony Atkinson,Smithtown,NY,1,208.981
221,Clementine Mooney,Mcallen,TX,1,199.992
1414,Sonja Walls,Queensbury,NY,1,176.6907
752,Lloyd Miranda,Encino,CA,1,170.991
177,Carissa Foreman,Maspeth,NY,1,170.991
1111,Caroline Jenkins,Richardson,TX,1,170.991
718,Luciana Mcgee,Selden,NY,1,167.99200000000002
850,Stephanie Browning,Rowlett,TX,1,104.4905
